bloque,implementacion,metodo,escenario,semilla,n_inicial,n_final,k,capacidad_antes,capacidad_despues,crecimiento,n_efectivo,observaciones,min_ns,q1_ns,mediana_ns,q3_ns,max_ns,iqr_ns,media_ns
colas,ColaArreglo,delete,ausente,20260932,10,10,2000,10,10,false,10,10,40.05,40.1625,40.375,41.675,45.45,1.5124999999999957,41.14
colas,ColaArreglo,delete,ausente,20261022,100,100,2000,100,100,false,100,10,122.05,122.125,122.2,123.6125,130.95,1.4874999999999972,123.48499999999999
colas,ColaArreglo,delete,ausente,20261922,1000,1000,200,1000,1000,false,1000,10,1360.0,1399.25,1465.75,1517.0,1599.0,117.75,1470.15
colas,ColaArreglo,delete,ausente,20270922,10000,10000,20,10000,10000,false,10000,10,12730.0,13011.25,13225.0,13513.75,13665.0,502.5,13238.0
colas,ColaArreglo,delete,ausente,20360922,100000,100000,3,100000,100000,false,100000,10,126666.667,127450.00025,129033.333,129699.99975,130600.0,2249.9995000000054,128759.99990000001
colas,ColaEnlazada,delete,ausente,20260932,10,10,2000,-1,-1,false,10,10,57.2,57.5625,57.675,57.8625,60.0,0.29999999999999716,57.885000000000005
colas,ColaEnlazada,delete,ausente,20261022,100,100,2000,-1,-1,false,100,10,104.2,110.3125,115.85,149.2125,191.9,38.900000000000006,130.05
colas,ColaEnlazada,delete,ausente,20261922,1000,1000,200,-1,-1,false,1000,10,1323.0,1430.5,1679.75,1843.375,2299.5,412.875,1692.4
colas,ColaEnlazada,delete,ausente,20270922,10000,10000,20,-1,-1,false,10000,10,13150.0,14672.5,15365.0,16682.5,22165.0,2010.0,16191.0
colas,ColaEnlazada,delete,ausente,20360922,100000,100000,3,-1,-1,false,100000,10,165000.0,166750.00024999998,172500.0,180475.00024999998,192766.667,13725.0,174986.6667
colas,ColaArreglo,delete,final,20260932,10,9,2000,10,10,false,10,10,14.55,14.575000000000001,15.275,19.125,20.8,4.549999999999999,16.625
colas,ColaArreglo,delete,final,20261022,100,99,2000,100,100,false,100,10,122.8,122.8125,122.875,123.925,149.8,1.1124999999999972,125.85
colas,ColaArreglo,delete,final,20261922,1000,999,200,1000,1000,false,1000,10,1384.5,1410.375,1455.75,1539.125,1853.0,128.75,1505.75
colas,ColaArreglo,delete,final,20270922,10000,9999,20,10000,10000,false,10000,10,12695.0,12818.75,12915.0,13218.75,13370.0,400.0,13001.0
colas,ColaArreglo,delete,final,20360922,100000,99999,3,100000,100000,false,100000,10,125733.333,126883.33350000001,129566.66649999999,131483.33349999998,142566.667,4599.999999999971,130499.99990000001
colas,ColaEnlazada,delete,final,20260932,10,9,2000,-1,-1,false,10,10,47.3,48.5625,60.375,158.1625,175.8,109.6,96.45
colas,ColaEnlazada,delete,final,20261022,100,99,2000,-1,-1,false,100,10,194.45,198.0375,199.225,201.8375,245.95,3.8000000000000114,204.075
colas,ColaEnlazada,delete,final,20261922,1000,999,200,-1,-1,false,1000,10,2568.0,2623.75,2680.0,2772.0,2914.5,148.25,2698.55
colas,ColaEnlazada,delete,final,20270922,10000,9999,20,-1,-1,false,10000,10,23600.0,26956.25,28172.5,29052.5,35385.0,2096.25,28300.5
colas,ColaEnlazada,delete,final,20360922,100000,99999,3,-1,-1,false,100000,10,270966.667,277091.667,289650.0,294616.667,452000.0,17525.0,301516.6669
colas,ColaArreglo,delete,frente,20260932,10,9,2000,10,10,false,10,10,54.9,60.275,81.35,81.7375,81.9,21.4625,72.995
colas,ColaArreglo,delete,frente,20261022,100,99,2000,100,100,false,100,10,259.8,260.40000000000003,261.6,262.9875,344.85,2.5874999999999773,269.755
colas,ColaArreglo,delete,frente,20261922,1000,999,200,1000,1000,false,1000,10,2952.0,2971.5,2981.0,3008.625,3085.0,37.125,2996.25
colas,ColaArreglo,delete,frente,20270922,10000,9999,20,10000,10000,false,10000,10,28180.0,28243.75,28287.5,28596.25,28700.0,352.5,28386.5
colas,ColaArreglo,delete,frente,20360922,100000,99999,3,100000,100000,false,100000,10,259133.333,260558.3335,261466.6665,263116.6665,266166.667,2558.332999999984,262086.66660000003
colas,ColaEnlazada,delete,frente,20260932,10,9,2000,-1,-1,false,10,10,36.7,38.475,40.25,41.275,44.25,2.799999999999997,40.32
colas,ColaEnlazada,delete,frente,20261022,100,99,2000,-1,-1,false,100,10,28.2,29.125,31.849999999999998,36.2375,50.25,7.112499999999997,34.029999999999994
colas,ColaEnlazada,delete,frente,20261922,1000,999,200,-1,-1,false,1000,10,13.5,16.0,16.5,18.125,19.5,2.125,16.75
colas,ColaEnlazada,delete,frente,20270922,10000,9999,20,-1,-1,false,10000,10,25.0,25.0,30.0,33.75,35.0,8.75,29.5
colas,ColaEnlazada,delete,frente,20360922,100000,99999,3,-1,-1,false,100000,10,0.0,41.6665,66.667,100.0,300.0,58.3335,96.6667
colas,ColaArreglo,delete,medio,20260932,10,9,2000,10,10,false,10,10,47.15,47.5875,74.6,74.7875,74.9,27.199999999999996,63.864999999999995
colas,ColaArreglo,delete,medio,20261022,100,99,2000,100,100,false,100,10,190.8,190.925,191.15,192.15,193.0,1.2249999999999943,191.535
colas,ColaArreglo,delete,medio,20261922,1000,999,200,1000,1000,false,1000,10,2142.5,2169.5,2179.75,2204.375,2290.5,34.875,2192.15
colas,ColaArreglo,delete,medio,20270922,10000,9999,20,10000,10000,false,10000,10,20395.0,20568.75,20720.0,21003.75,23190.0,435.0,21073.5
colas,ColaArreglo,delete,medio,20360922,100000,99999,3,100000,100000,false,100000,10,191300.0,194091.6665,197983.3335,201225.0,280633.333,7133.333500000008,205653.3333
colas,ColaEnlazada,delete,medio,20260932,10,9,2000,-1,-1,false,10,10,59.35,59.6125,59.65,59.7,61.4,0.08750000000000568,59.8
colas,ColaEnlazada,delete,medio,20261022,100,99,2000,-1,-1,false,100,10,153.15,165.1125,183.15,227.0,269.45,61.88749999999999,197.82999999999998
colas,ColaEnlazada,delete,medio,20261922,1000,999,200,-1,-1,false,1000,10,2028.5,2346.5,2502.5,2586.375,2901.0,239.875,2474.1
colas,ColaEnlazada,delete,medio,20270922,10000,9999,20,-1,-1,false,10000,10,12650.0,15397.5,15732.5,16221.25,18510.0,823.75,15713.5
colas,ColaEnlazada,delete,medio,20360922,100000,99999,3,-1,-1,false,100000,10,139733.333,142800.00024999998,145933.3335,148608.33325,156000.0,5808.333000000013,146146.6666
colas,ColaArreglo,dequeue,general,20260932,10,9,2000,10,10,false,10,10,38.85,38.9,38.95,40.325,41.55,1.4250000000000043,39.63
colas,ColaArreglo,dequeue,general,20261022,100,99,2000,100,100,false,100,10,4.4,4.7375,4.95,5.1375,13.85,0.40000000000000036,6.63
colas,ColaArreglo,dequeue,general,20261922,1000,999,200,1000,1000,false,1000,10,25.0,27.25,29.25,33.5,47.5,6.25,31.85
colas,ColaArreglo,dequeue,general,20270922,10000,9999,20,10000,10000,false,10000,10,10.0,15.0,15.0,18.75,30.0,3.75,16.5
colas,ColaArreglo,dequeue,general,20360922,100000,99999,3,100000,100000,false,100000,10,0.0,33.333,33.333,58.3335,233.333,25.000500000000002,56.6665
colas,ColaEnlazada,dequeue,general,20260932,10,9,2000,-1,-1,false,10,10,40.3,41.175,41.5,41.625,45.0,0.45000000000000284,41.675
colas,ColaEnlazada,dequeue,general,20261022,100,99,2000,-1,-1,false,100,10,5.85,17.575,21.35,25.1125,51.4,7.537500000000001,22.095
colas,ColaEnlazada,dequeue,general,20261922,1000,999,200,-1,-1,false,1000,10,12.5,14.125,16.0,20.375,26.5,6.25,17.25
colas,ColaEnlazada,dequeue,general,20270922,10000,9999,20,-1,-1,false,10000,10,45.0,50.0,55.0,76.25,95.0,26.25,63.5
colas,ColaEnlazada,dequeue,general,20360922,100000,99999,3,-1,-1,false,100000,10,33.333,66.667,100.0,133.333,266.667,66.666,113.33340000000001
colas,ColaArreglo,enqueue,crecimiento_forzado,20260932,10,11,2000,10,20,true,10,10,51.35,54.1625,57.45,59.8125,74.55,5.649999999999999,59.54
colas,ColaArreglo,enqueue,crecimiento_forzado,20261022,100,101,2000,100,200,true,100,10,142.7,143.275,143.7,145.7,154.55,2.424999999999983,145.12
colas,ColaArreglo,enqueue,crecimiento_forzado,20261922,1000,1001,200,1000,2000,true,1000,10,1811.0,1880.5,1954.75,2079.625,2406.5,199.125,2001.75
colas,ColaArreglo,enqueue,crecimiento_forzado,20270922,10000,10001,20,10000,20000,true,10000,10,17020.0,18286.25,18380.0,19206.25,22530.0,920.0,18868.5
colas,ColaArreglo,enqueue,crecimiento_forzado,20360922,100000,100001,3,100000,200000,true,100000,10,242566.667,263041.66675,270700.0,285249.99974999996,289700.0,22208.332999999984,271216.6667
colas,ColaArreglo,enqueue,secuencia_amortizada,20260932,0,10,10,4,16,multiple,10,10,40.0,50.0,55.0,60.0,70.0,10.0,55.0
colas,ColaArreglo,enqueue,secuencia_amortizada,20261022,0,100,100,4,128,multiple,100,10,35.0,35.25,36.0,36.0,40.0,0.75,36.1
colas,ColaArreglo,enqueue,secuencia_amortizada,20261922,0,1000,1000,4,1024,multiple,1000,10,35.5,36.05,36.55,38.099999999999994,42.4,2.049999999999997,37.37
colas,ColaArreglo,enqueue,secuencia_amortizada,20270922,0,10000,10000,4,16384,multiple,10000,10,8.53,8.6075,8.665,8.8075,8.96,0.1999999999999993,8.702
colas,ColaArreglo,enqueue,secuencia_amortizada,20360922,0,100000,100000,4,131072,multiple,100000,10,5.657,5.715,5.7995,5.88875,6.15,0.17375000000000007,5.8197
colas,ColaEnlazada,enqueue,secuencia_amortizada,20260932,0,10,10,-1,-1,NA,10,10,40.0,40.0,50.0,50.0,60.0,10.0,47.0
colas,ColaEnlazada,enqueue,secuencia_amortizada,20261022,0,100,100,-1,-1,NA,100,10,34.0,34.0,34.0,34.0,39.0,0.0,34.9
colas,ColaEnlazada,enqueue,secuencia_amortizada,20261922,0,1000,1000,-1,-1,NA,1000,10,34.9,35.025,35.150000000000006,35.375,42.3,0.3500000000000014,35.89
colas,ColaEnlazada,enqueue,secuencia_amortizada,20270922,0,10000,10000,-1,-1,NA,10000,10,17.63,21.47,26.23,29.1,39.26,7.630000000000003,26.176
colas,ColaEnlazada,enqueue,secuencia_amortizada,20360922,0,100000,100000,-1,-1,NA,100000,10,3.587,3.6655,3.7055,3.7455,3.876,0.07999999999999963,3.7145
colas,ColaArreglo,enqueue,sin_redimensionamiento,20260932,10,11,2000,11,11,false,10,10,34.65,34.824999999999996,35.375,35.9375,37.5,1.1125000000000043,35.5
colas,ColaArreglo,enqueue,sin_redimensionamiento,20261022,100,101,2000,101,101,false,100,10,32.2,33.55,34.05,35.425,37.8,1.875,34.43
colas,ColaArreglo,enqueue,sin_redimensionamiento,20261922,1000,1001,200,1001,1001,false,1000,10,7.5,13.875,21.75,25.875,36.0,12.0,20.3
colas,ColaArreglo,enqueue,sin_redimensionamiento,20270922,10000,10001,20,10001,10001,false,10000,10,55.0,60.0,65.0,73.75,105.0,13.75,69.5
colas,ColaArreglo,enqueue,sin_redimensionamiento,20360922,100000,100001,3,100001,100001,false,100000,10,33.333,41.6665,66.667,100.0,266.667,58.3335,96.66669999999999
colas,ColaEnlazada,enqueue,sin_redimensionamiento,20260932,10,11,2000,-1,-1,NA,10,10,11.65,13.737499999999999,14.275,16.7,18.05,2.9625000000000004,14.969999999999999
colas,ColaEnlazada,enqueue,sin_redimensionamiento,20261022,100,101,2000,-1,-1,NA,100,10,17.7,18.55,19.549999999999997,20.725,25.4,2.1750000000000007,20.015
colas,ColaEnlazada,enqueue,sin_redimensionamiento,20261922,1000,1001,200,-1,-1,NA,1000,10,39.0,39.625,42.25,44.375,90.0,4.75,48.45
colas,ColaEnlazada,enqueue,sin_redimensionamiento,20270922,10000,10001,20,-1,-1,NA,10000,10,10.0,46.25,67.5,88.75,115.0,42.5,66.0
colas,ColaEnlazada,enqueue,sin_redimensionamiento,20360922,100000,100001,3,-1,-1,NA,100000,10,0.0,33.333,33.333,33.333,66.667,0.0,33.3331
colas,ColaArreglo,front,general,20260932,10,10,50000,11,11,false,10,10,3.826,3.84,3.8520000000000003,3.9055,4.392,0.06550000000000011,3.9164000000000003
colas,ColaArreglo,front,general,20261022,100,100,50000,101,101,false,100,10,0.78,0.7805,0.784,0.794,0.804,0.013500000000000068,0.788
colas,ColaArreglo,front,general,20261922,1000,1000,50000,1001,1001,false,1000,10,0.014,0.016,0.016,0.016,0.016,0.0,0.0156
colas,ColaArreglo,front,general,20270922,10000,10000,50000,10001,10001,false,10000,10,0.014,0.016,0.016,0.016,0.016,0.0,0.0156
colas,ColaArreglo,front,general,20360922,100000,100000,50000,100001,100001,false,100000,10,0.014,0.0145,0.016,0.016,0.018,0.0014999999999999996,0.0156
colas,ColaEnlazada,front,general,20260932,10,10,50000,-1,-1,false,10,10,0.014,0.016,0.016,0.016,0.016,0.0,0.0156
colas,ColaEnlazada,front,general,20261022,100,100,50000,-1,-1,false,100,10,0.014,0.014,0.014,0.0155,0.016,0.0014999999999999996,0.014599999999999998
colas,ColaEnlazada,front,general,20261922,1000,1000,50000,-1,-1,false,1000,10,0.02,0.021,0.024,0.0255,0.026,0.004499999999999997,0.023399999999999997
colas,ColaEnlazada,front,general,20270922,10000,10000,50000,-1,-1,false,10000,10,0.018,0.018,0.02,0.02,0.026,0.0020000000000000018,0.019999999999999997
colas,ColaEnlazada,front,general,20360922,100000,100000,50000,-1,-1,false,100000,10,0.014,0.014,0.014,0.016,0.018,0.002,0.015
colas,ColaArreglo,isEmpty,no_vacia,20260932,10,10,50000,11,11,false,10,10,2.048,2.05,2.051,2.138,2.19,0.08800000000000008,2.0904
colas,ColaArreglo,isEmpty,no_vacia,20261022,100,100,50000,101,101,false,100,10,0.398,0.404,0.405,0.4075,0.586,0.0034999999999999476,0.4236
colas,ColaArreglo,isEmpty,no_vacia,20261922,1000,1000,50000,1001,1001,false,1000,10,0.0,0.0,0.001,0.002,0.002,0.002,0.001
colas,ColaArreglo,isEmpty,no_vacia,20270922,10000,10000,50000,10001,10001,false,10000,10,0.0,0.0,0.0,0.002,0.002,0.002,0.0008
colas,ColaArreglo,isEmpty,no_vacia,20360922,100000,100000,50000,100001,100001,false,100000,10,0.0,0.0,0.0,0.0,0.002,0.0,0.0002
colas,ColaEnlazada,isEmpty,no_vacia,20260932,10,10,50000,-1,-1,false,10,10,0.0,0.0,0.0,0.0,0.0,0.0,0.0
colas,ColaEnlazada,isEmpty,no_vacia,20261022,100,100,50000,-1,-1,false,100,10,0.0,0.0,0.0,0.002,0.002,0.002,0.0008
colas,ColaEnlazada,isEmpty,no_vacia,20261922,1000,1000,50000,-1,-1,false,1000,10,0.0,0.0,0.0,0.0,0.0,0.0,0.0
colas,ColaEnlazada,isEmpty,no_vacia,20270922,10000,10000,50000,-1,-1,false,10000,10,0.0,0.0,0.0,0.0015,0.002,0.0015,0.0006000000000000001
colas,ColaEnlazada,isEmpty,no_vacia,20360922,100000,100000,50000,-1,-1,false,100000,10,0.0,0.0,0.0,0.0,0.002,0.0,0.0004
colas,ColaArreglo,size,no_vacia,20260932,10,10,50000,11,11,false,10,10,1.182,1.184,1.185,1.2890000000000001,1.324,0.1050000000000002,1.226
colas,ColaArreglo,size,no_vacia,20261022,100,100,50000,101,101,false,100,10,0.606,0.608,0.609,0.61,0.61,0.0020000000000000018,0.6088
colas,ColaArreglo,size,no_vacia,20261922,1000,1000,50000,1001,1001,false,1000,10,0.014,0.0145,0.016,0.016,0.016,0.0014999999999999996,0.0154
colas,ColaArreglo,size,no_vacia,20270922,10000,10000,50000,10001,10001,false,10000,10,0.014,0.0145,0.016,0.016,0.016,0.0014999999999999996,0.0154
colas,ColaArreglo,size,no_vacia,20360922,100000,100000,50000,100001,100001,false,100000,10,0.014,0.014,0.014,0.014,0.016,0.0,0.0142
colas,ColaEnlazada,size,no_vacia,20260932,10,10,50000,-1,-1,false,10,10,0.014,0.014,0.014,0.014,0.016,0.0,0.0142
colas,ColaEnlazada,size,no_vacia,20261022,100,100,50000,-1,-1,false,100,10,0.014,0.014,0.014,0.014,0.014,0.0,0.014000000000000002
colas,ColaEnlazada,size,no_vacia,20261922,1000,1000,50000,-1,-1,false,1000,10,0.014,0.0145,0.016,0.016,0.016,0.0014999999999999996,0.0154
colas,ColaEnlazada,size,no_vacia,20270922,10000,10000,50000,-1,-1,false,10000,10,0.014,0.016,0.016,0.016,0.036,0.0,0.0178
colas,ColaEnlazada,size,no_vacia,20360922,100000,100000,50000,-1,-1,false,100000,10,0.014,0.014,0.015,0.016,0.018,0.002,0.0152
pilas,PilaArreglo,delete,ausente,20260932,10,10,2000,10,10,false,10,10,33.05,33.0625,33.15,33.15,39.9,0.08749999999999858,33.80499999999999
pilas,PilaArreglo,delete,ausente,20261022,100,100,2000,100,100,false,100,10,32.65,33.0125,34.625,41.0625,134.2,8.049999999999997,49.48
pilas,PilaArreglo,delete,ausente,20261922,1000,1000,200,1000,1000,false,1000,10,516.0,626.5,705.75,863.125,1092.0,236.625,752.15
pilas,PilaArreglo,delete,ausente,20270922,10000,10000,20,10000,10000,false,10000,10,4415.0,4748.75,5100.0,5526.25,8650.0,777.5,5669.5
pilas,PilaArreglo,delete,ausente,20360922,100000,100000,3,100000,100000,false,100000,10,43133.333,44616.666750000004,46333.333,48633.333249999996,56433.333,4016.666499999992,47226.6665
pilas,PilaEnlazada,delete,ausente,20260932,10,10,2000,-1,-1,false,10,10,12.05,12.1625,12.8,14.175,16.6,2.012500000000001,13.469999999999999
pilas,PilaEnlazada,delete,ausente,20261022,100,100,2000,-1,-1,false,100,10,295.3,340.4625,384.82500000000005,402.725,644.4,62.262500000000045,396.84000000000003
pilas,PilaEnlazada,delete,ausente,20261922,1000,1000,200,-1,-1,false,1000,10,2182.5,2382.125,2400.5,2658.25,2984.0,276.125,2504.45
pilas,PilaEnlazada,delete,ausente,20270922,10000,10000,20,-1,-1,false,10000,10,16565.0,17840.0,18347.5,18735.0,23340.0,895.0,18875.0
pilas,PilaEnlazada,delete,ausente,20360922,100000,100000,3,-1,-1,false,100000,10,151566.667,155816.6665,162233.3335,170075.0,179666.667,14258.333500000008,163956.6668
pilas,PilaArreglo,delete,base,20260932,10,9,2000,10,10,false,10,10,16.8,16.85,16.875,16.95,17.05,0.09999999999999787,16.905
pilas,PilaArreglo,delete,base,20261022,100,99,2000,100,100,false,100,10,106.8,107.15,107.2,107.7375,118.3,0.5874999999999915,108.62
pilas,PilaArreglo,delete,base,20261922,1000,999,200,1000,1000,false,1000,10,965.5,1135.125,1162.25,1289.625,2101.5,154.5,1329.35
pilas,PilaArreglo,delete,base,20270922,10000,9999,20,10000,10000,false,10000,10,9165.0,9782.5,10002.5,10447.5,14265.0,665.0,10455.0
pilas,PilaArreglo,delete,base,20360922,100000,99999,3,100000,100000,false,100000,10,97800.0,106266.66649999999,114300.0,119108.33325,139166.667,12841.666750000004,114336.66669999999
pilas,PilaEnlazada,delete,base,20260932,10,9,2000,-1,-1,false,10,10,17.55,17.6,17.625,17.775,18.25,0.17499999999999716,17.73
pilas,PilaEnlazada,delete,base,20261022,100,99,2000,-1,-1,false,100,10,385.9,419.45000000000005,445.54999999999995,458.65,501.35,39.19999999999993,442.825
pilas,PilaEnlazada,delete,base,20261922,1000,999,200,-1,-1,false,1000,10,3436.5,3571.25,3689.5,3917.0,5741.5,345.75,3913.1
pilas,PilaEnlazada,delete,base,20270922,10000,9999,20,-1,-1,false,10000,10,27755.0,28766.25,29420.0,30113.75,36710.0,1347.5,30185.5
pilas,PilaEnlazada,delete,base,20360922,100000,99999,3,-1,-1,false,100000,10,262933.333,274750.0,281366.6665,331975.00025000004,507433.333,57225.00025000004,313656.6666
pilas,PilaArreglo,delete,cima,20260932,10,9,2000,10,10,false,10,10,9.05,14.7125,32.4,76.5375,87.05,61.824999999999996,43.4
pilas,PilaArreglo,delete,cima,20261022,100,99,2000,100,100,false,100,10,2.55,2.7875,3.15,3.6125,5.75,0.8249999999999997,3.4
pilas,PilaArreglo,delete,cima,20261922,1000,999,200,1000,1000,false,1000,10,3.5,5.125,6.0,7.125,10.0,2.0,6.15
pilas,PilaArreglo,delete,cima,20270922,10000,9999,20,10000,10000,false,10000,10,40.0,40.0,45.0,50.0,50.0,10.0,45.0
pilas,PilaArreglo,delete,cima,20360922,100000,99999,3,100000,100000,false,100000,10,0.0,0.0,33.333,66.667,100.0,66.667,36.666700000000006
pilas,PilaEnlazada,delete,cima,20260932,10,9,2000,-1,-1,false,10,10,49.1,64.2,76.375,78.15,80.1,13.950000000000003,70.07000000000001
pilas,PilaEnlazada,delete,cima,20261022,100,99,2000,-1,-1,false,100,10,4.2,5.625,7.275,8.3125,9.05,2.6875,6.959999999999999
pilas,PilaEnlazada,delete,cima,20261922,1000,999,200,-1,-1,false,1000,10,34.0,35.125,40.5,41.875,44.5,6.75,39.1
pilas,PilaEnlazada,delete,cima,20270922,10000,9999,20,-1,-1,false,10000,10,25.0,61.25,75.0,90.0,195.0,28.75,84.0
pilas,PilaEnlazada,delete,cima,20360922,100000,99999,3,-1,-1,false,100000,10,33.333,33.333,83.3335,100.0,133.333,66.667,73.3332
pilas,PilaArreglo,delete,medio,20260932,10,9,2000,10,10,false,10,10,31.85,31.875,32.0,55.45,72.85,23.575000000000003,43.269999999999996
pilas,PilaArreglo,delete,medio,20261022,100,99,2000,100,100,false,100,10,58.15,58.3,58.475,58.625,60.05,0.32500000000000284,58.645
pilas,PilaArreglo,delete,medio,20261922,1000,999,200,1000,1000,false,1000,10,541.0,623.125,671.0,699.375,1004.5,76.25,685.85
pilas,PilaArreglo,delete,medio,20270922,10000,9999,20,10000,10000,false,10000,10,6505.0,7575.0,7755.0,8052.5,11895.0,477.5,8243.0
pilas,PilaArreglo,delete,medio,20360922,100000,99999,3,100000,100000,false,100000,10,48766.667,50466.667,58150.0,60208.333,63100.0,9741.665999999997,56220.000100000005
pilas,PilaEnlazada,delete,medio,20260932,10,9,2000,-1,-1,false,10,10,48.95,67.6,69.575,72.3625,137.65,4.762500000000003,79.2
pilas,PilaEnlazada,delete,medio,20261022,100,99,2000,-1,-1,false,100,10,226.45,242.25,285.79999999999995,312.9125,394.4,70.66250000000002,292.25
pilas,PilaEnlazada,delete,medio,20261922,1000,999,200,-1,-1,false,1000,10,2489.0,2882.375,3127.5,3640.625,5099.0,758.25,3352.6
pilas,PilaEnlazada,delete,medio,20270922,10000,9999,20,-1,-1,false,10000,10,12590.0,13066.25,14525.0,16421.25,17840.0,3355.0,14894.5
pilas,PilaEnlazada,delete,medio,20360922,100000,99999,3,-1,-1,false,100000,10,125066.667,125758.33350000001,128766.66649999999,139191.66650000002,176866.667,13433.333000000013,135713.3334
pilas,PilaArreglo,isEmpty,no_vacia,20260932,10,10,50000,11,11,false,10,10,2.466,2.468,2.471,2.5060000000000002,2.618,0.038000000000000256,2.5012
pilas,PilaArreglo,isEmpty,no_vacia,20261022,100,100,50000,101,101,false,100,10,0.872,0.8745,0.878,0.882,0.894,0.007499999999999951,0.8798
pilas,PilaArreglo,isEmpty,no_vacia,20261922,1000,1000,50000,1001,1001,false,1000,10,0.428,0.46,0.462,0.4715,0.482,0.011499999999999955,0.4626
pilas,PilaArreglo,isEmpty,no_vacia,20270922,10000,10000,50000,10001,10001,false,10000,10,0.0,0.0,0.0,0.0,0.002,0.0,0.0002
pilas,PilaArreglo,isEmpty,no_vacia,20360922,100000,100000,50000,100001,100001,false,100000,10,0.0,0.0,0.0,0.002,0.002,0.002,0.0008
pilas,PilaEnlazada,isEmpty,no_vacia,20260932,10,10,50000,-1,-1,false,10,10,2.764,2.766,2.766,2.8205,3.592,0.05449999999999999,2.8718
pilas,PilaEnlazada,isEmpty,no_vacia,20261022,100,100,50000,-1,-1,false,100,10,0.0,0.0,0.0,0.0015,0.002,0.0015,0.0006000000000000001
pilas,PilaEnlazada,isEmpty,no_vacia,20261922,1000,1000,50000,-1,-1,false,1000,10,0.0,0.0,0.0,0.0,0.002,0.0,0.0004
pilas,PilaEnlazada,isEmpty,no_vacia,20270922,10000,10000,50000,-1,-1,false,10000,10,0.0,0.0,0.0,0.0,0.002,0.0,0.0002
pilas,PilaEnlazada,isEmpty,no_vacia,20360922,100000,100000,50000,-1,-1,false,100000,10,0.0,0.0,0.0,0.002,0.002,0.002,0.0008
pilas,PilaArreglo,peek,general,20260932,10,10,50000,11,11,false,10,10,0.016,3.621,3.6550000000000002,3.714,3.884,0.09299999999999997,2.9718
pilas,PilaArreglo,peek,general,20261022,100,100,50000,101,101,false,100,10,0.014,0.0145,0.016,0.016,0.016,0.0014999999999999996,0.0154
pilas,PilaArreglo,peek,general,20261922,1000,1000,50000,1001,1001,false,1000,10,0.014,0.014,0.014,0.0155,0.016,0.0014999999999999996,0.014599999999999998
pilas,PilaArreglo,peek,general,20270922,10000,10000,50000,10001,10001,false,10000,10,0.014,0.0145,0.016,0.016,0.016,0.0014999999999999996,0.0154
pilas,PilaArreglo,peek,general,20360922,100000,100000,50000,100001,100001,false,100000,10,0.014,0.014,0.015,0.016,0.016,0.002,0.015
pilas,PilaEnlazada,peek,general,20260932,10,10,50000,-1,-1,false,10,10,5.642,6.7345,6.768,6.864,7.294,0.12950000000000017,6.7212000000000005
pilas,PilaEnlazada,peek,general,20261022,100,100,50000,-1,-1,false,100,10,0.7,0.7064999999999999,0.71,0.7155,0.806,0.009000000000000119,0.7192000000000001
pilas,PilaEnlazada,peek,general,20261922,1000,1000,50000,-1,-1,false,1000,10,0.014,0.014,0.014,0.0155,0.016,0.0014999999999999996,0.014599999999999998
pilas,PilaEnlazada,peek,general,20270922,10000,10000,50000,-1,-1,false,10000,10,0.014,0.016,0.016,0.016,0.016,0.0,0.0156
pilas,PilaEnlazada,peek,general,20360922,100000,100000,50000,-1,-1,false,100000,10,0.014,0.014,0.014,0.016,0.016,0.002,0.014799999999999999
pilas,PilaArreglo,pop,general,20260932,10,9,2000,10,10,false,10,10,36.9,39.3625,39.974999999999994,40.425,79.25,1.0625,43.614999999999995
pilas,PilaArreglo,pop,general,20261022,100,99,2000,100,100,false,100,10,7.4,9.612499999999999,11.65,13.012500000000001,17.3,3.400000000000002,11.675
pilas,PilaArreglo,pop,general,20261922,1000,999,200,1000,1000,false,1000,10,6.0,6.625,7.75,9.5,28.0,2.875,10.1
pilas,PilaArreglo,pop,general,20270922,10000,9999,20,10000,10000,false,10000,10,70.0,75.0,80.0,85.0,115.0,10.0,85.5
pilas,PilaArreglo,pop,general,20360922,100000,99999,3,100000,100000,false,100000,10,0.0,33.333,50.0,91.66675000000001,266.667,58.33375000000001,76.66659999999999
pilas,PilaEnlazada,pop,general,20260932,10,9,2000,-1,-1,false,10,10,36.15,38.849999999999994,154.1,387.4125,418.7,348.5625,204.245
pilas,PilaEnlazada,pop,general,20261022,100,99,2000,-1,-1,false,100,10,8.3,9.100000000000001,11.899999999999999,19.225,34.45,10.125,15.25
pilas,PilaEnlazada,pop,general,20261922,1000,999,200,-1,-1,false,1000,10,40.5,43.375,45.75,47.0,53.5,3.625,46.25
pilas,PilaEnlazada,pop,general,20270922,10000,9999,20,-1,-1,false,10000,10,20.0,31.25,42.5,53.75,90.0,22.5,48.0
pilas,PilaEnlazada,pop,general,20360922,100000,99999,3,-1,-1,false,100000,10,33.333,66.667,83.3335,100.0,133.333,33.333,83.3333
pilas,PilaArreglo,push,crecimiento_forzado,20260932,10,11,2000,10,20,true,10,10,44.45,46.025,47.225,49.0875,57.6,3.0625,48.989999999999995
pilas,PilaArreglo,push,crecimiento_forzado,20261022,100,101,2000,100,200,true,100,10,89.5,93.4625,97.025,102.51249999999999,161.9,9.049999999999983,104.7
pilas,PilaArreglo,push,crecimiento_forzado,20261922,1000,1001,200,1000,2000,true,1000,10,967.0,983.875,1046.0,1352.125,1656.0,368.25,1168.2
pilas,PilaArreglo,push,crecimiento_forzado,20270922,10000,10001,20,10000,20000,true,10000,10,12410.0,13406.25,13800.0,14386.25,15125.0,980.0,13897.5
pilas,PilaArreglo,push,crecimiento_forzado,20360922,100000,100001,3,100000,200000,true,100000,10,110600.0,112725.00025,116483.33350000001,121366.66649999999,125033.333,8641.666249999995,117040.0
pilas,PilaArreglo,push,secuencia_amortizada,20260932,0,10,10,4,16,multiple,10,10,40.0,50.0,50.0,57.5,100.0,7.5,57.0
pilas,PilaArreglo,push,secuencia_amortizada,20261022,0,100,100,4,128,multiple,100,10,36.0,37.0,37.0,37.0,40.0,0.0,37.3
pilas,PilaArreglo,push,secuencia_amortizada,20261922,0,1000,1000,4,1024,multiple,1000,10,34.6,34.8,34.849999999999994,35.675000000000004,40.9,0.8750000000000071,35.7
pilas,PilaArreglo,push,secuencia_amortizada,20270922,0,10000,10000,4,16384,multiple,10000,10,6.47,6.8225,7.34,9.2275,10.93,2.4049999999999994,8.088
pilas,PilaArreglo,push,secuencia_amortizada,20360922,0,100000,100000,4,131072,multiple,100000,10,4.499,4.62875,4.702500000000001,4.7625,5.067,0.13375000000000004,4.7045
pilas,PilaEnlazada,push,secuencia_amortizada,20260932,0,10,10,-1,-1,NA,10,10,50.0,60.0,60.0,70.0,90.0,10.0,65.0
pilas,PilaEnlazada,push,secuencia_amortizada,20261022,0,100,100,-1,-1,NA,100,10,33.0,33.25,39.0,41.0,43.0,7.75,37.8
pilas,PilaEnlazada,push,secuencia_amortizada,20261922,0,1000,1000,-1,-1,NA,1000,10,32.3,34.725,36.400000000000006,37.975,42.7,3.25,36.63
pilas,PilaEnlazada,push,secuencia_amortizada,20270922,0,10000,10000,-1,-1,NA,10000,10,6.33,6.465,6.525,6.717499999999999,7.13,0.2524999999999995,6.6049999999999995
pilas,PilaEnlazada,push,secuencia_amortizada,20360922,0,100000,100000,-1,-1,NA,100000,10,3.468,3.528,3.7015000000000002,4.5785,32.602,1.0505,6.861199999999999
pilas,PilaArreglo,push,sin_redimensionamiento,20260932,10,11,2000,11,11,false,10,10,7.5,7.55,7.625,7.6875,11.55,0.13750000000000018,8.045
pilas,PilaArreglo,push,sin_redimensionamiento,20261022,100,101,2000,101,101,false,100,10,4.9,5.25,5.825,6.862500000000001,8.9,1.6125000000000007,6.255000000000001
pilas,PilaArreglo,push,sin_redimensionamiento,20261922,1000,1001,200,1001,1001,false,1000,10,8.0,14.375,21.25,25.75,30.0,11.375,19.85
pilas,PilaArreglo,push,sin_redimensionamiento,20270922,10000,10001,20,10001,10001,false,10000,10,30.0,35.0,37.5,43.75,55.0,8.75,39.5
pilas,PilaArreglo,push,sin_redimensionamiento,20360922,100000,100001,3,100001,100001,false,100000,10,0.0,33.333,33.333,33.333,66.667,0.0,33.3332
pilas,PilaEnlazada,push,sin_redimensionamiento,20260932,10,11,2000,-1,-1,NA,10,10,36.5,45.375,49.675,50.4125,57.15,5.037500000000001,47.97
pilas,PilaEnlazada,push,sin_redimensionamiento,20261022,100,101,2000,-1,-1,NA,100,10,10.25,15.9375,25.674999999999997,38.6375,57.05,22.700000000000003,28.5
pilas,PilaEnlazada,push,sin_redimensionamiento,20261922,1000,1001,200,-1,-1,NA,1000,10,30.0,30.75,32.25,33.875,37.5,3.125,32.75
pilas,PilaEnlazada,push,sin_redimensionamiento,20270922,10000,10001,20,-1,-1,NA,10000,10,15.0,25.0,30.0,30.0,35.0,5.0,27.5
pilas,PilaEnlazada,push,sin_redimensionamiento,20360922,100000,100001,3,-1,-1,NA,100000,10,0.0,0.0,33.333,33.333,100.0,33.333,26.666499999999996
pilas,PilaArreglo,size,no_vacia,20260932,10,10,50000,11,11,false,10,10,0.014,0.016,0.016,0.016,0.016,0.0,0.0156
pilas,PilaArreglo,size,no_vacia,20261022,100,100,50000,101,101,false,100,10,0.014,0.014,0.014,0.0155,0.016,0.0014999999999999996,0.014599999999999998
pilas,PilaArreglo,size,no_vacia,20261922,1000,1000,50000,1001,1001,false,1000,10,0.014,0.0145,0.016,0.016,0.016,0.0014999999999999996,0.0154
pilas,PilaArreglo,size,no_vacia,20270922,10000,10000,50000,10001,10001,false,10000,10,0.014,0.014,0.014,0.016,0.018,0.002,0.015
pilas,PilaArreglo,size,no_vacia,20360922,100000,100000,50000,100001,100001,false,100000,10,0.014,0.014,0.016,0.016,0.016,0.002,0.0152
pilas,PilaEnlazada,size,no_vacia,20260932,10,10,50000,-1,-1,false,10,10,3.67,3.9989999999999997,4.23,4.401,4.444,0.40200000000000014,4.1716
pilas,PilaEnlazada,size,no_vacia,20261022,100,100,50000,-1,-1,false,100,10,0.608,0.61,0.612,0.626,0.64,0.016000000000000014,0.6188
pilas,PilaEnlazada,size,no_vacia,20261922,1000,1000,50000,-1,-1,false,1000,10,0.014,0.014,0.014,0.014,0.016,0.0,0.014400000000000001
pilas,PilaEnlazada,size,no_vacia,20270922,10000,10000,50000,-1,-1,false,10000,10,0.014,0.014,0.015,0.017499999999999998,0.02,0.003499999999999998,0.0158
pilas,PilaEnlazada,size,no_vacia,20360922,100000,100000,50000,-1,-1,false,100000,10,0.014,0.014,0.015,0.016,0.016,0.002,0.015
