bloque,implementacion,metodo,escenario,n_anterior,n_actual,factor_n,mediana_anterior_ns,mediana_actual_ns,ratio_tiempo
colas,ColaArreglo,delete,ausente,10,100,10.0,40.375,122.2,3.026625386996904
colas,ColaArreglo,delete,ausente,100,1000,10.0,122.2,1465.75,11.99468085106383
colas,ColaArreglo,delete,ausente,1000,10000,10.0,1465.75,13225.0,9.02268463244073
colas,ColaArreglo,delete,ausente,10000,100000,10.0,13225.0,129033.333,9.756773761814745
colas,ColaEnlazada,delete,ausente,10,100,10.0,57.675,115.85,2.008669267446901
colas,ColaEnlazada,delete,ausente,100,1000,10.0,115.85,1679.75,14.49935261113509
colas,ColaEnlazada,delete,ausente,1000,10000,10.0,1679.75,15365.0,9.147194522994493
colas,ColaEnlazada,delete,ausente,10000,100000,10.0,15365.0,172500.0,11.226814188089815
colas,ColaArreglo,delete,final,10,100,10.0,15.275,122.875,8.044189852700491
colas,ColaArreglo,delete,final,100,1000,10.0,122.875,1455.75,11.847405900305189
colas,ColaArreglo,delete,final,1000,10000,10.0,1455.75,12915.0,8.871715610510046
colas,ColaArreglo,delete,final,10000,100000,10.0,12915.0,129566.66649999999,10.032262214479287
colas,ColaEnlazada,delete,final,10,100,10.0,60.375,199.225,3.2997929606625256
colas,ColaEnlazada,delete,final,100,1000,10.0,199.225,2680.0,13.452126992094366
colas,ColaEnlazada,delete,final,1000,10000,10.0,2680.0,28172.5,10.512126865671641
colas,ColaEnlazada,delete,final,10000,100000,10.0,28172.5,289650.0,10.281302688792263
colas,ColaArreglo,delete,frente,10,100,10.0,81.35,261.6,3.2157344806392136
colas,ColaArreglo,delete,frente,100,1000,10.0,261.6,2981.0,11.395259938837919
colas,ColaArreglo,delete,frente,1000,10000,10.0,2981.0,28287.5,9.489265347198927
colas,ColaArreglo,delete,frente,10000,100000,10.0,28287.5,261466.6665,9.243187503314184
colas,ColaEnlazada,delete,frente,10,100,10.0,40.25,31.849999999999998,0.7913043478260869
colas,ColaEnlazada,delete,frente,100,1000,10.0,31.849999999999998,16.5,0.5180533751962324
colas,ColaEnlazada,delete,frente,1000,10000,10.0,16.5,30.0,1.8181818181818181
colas,ColaEnlazada,delete,frente,10000,100000,10.0,30.0,66.667,2.2222333333333335
colas,ColaArreglo,delete,medio,10,100,10.0,74.6,191.15,2.5623324396782845
colas,ColaArreglo,delete,medio,100,1000,10.0,191.15,2179.75,11.40334815589851
colas,ColaArreglo,delete,medio,1000,10000,10.0,2179.75,20720.0,9.50567725656612
colas,ColaArreglo,delete,medio,10000,100000,10.0,20720.0,197983.3335,9.555180188223938
colas,ColaEnlazada,delete,medio,10,100,10.0,59.65,183.15,3.0704107292539815
colas,ColaEnlazada,delete,medio,100,1000,10.0,183.15,2502.5,13.663663663663662
colas,ColaEnlazada,delete,medio,1000,10000,10.0,2502.5,15732.5,6.286713286713287
colas,ColaEnlazada,delete,medio,10000,100000,10.0,15732.5,145933.3335,9.275915048466551
colas,ColaArreglo,dequeue,general,10,100,10.0,38.95,4.95,0.12708600770218229
colas,ColaArreglo,dequeue,general,100,1000,10.0,4.95,29.25,5.909090909090909
colas,ColaArreglo,dequeue,general,1000,10000,10.0,29.25,15.0,0.5128205128205128
colas,ColaArreglo,dequeue,general,10000,100000,10.0,15.0,33.333,2.2222
colas,ColaEnlazada,dequeue,general,10,100,10.0,41.5,21.35,0.5144578313253012
colas,ColaEnlazada,dequeue,general,100,1000,10.0,21.35,16.0,0.7494145199063231
colas,ColaEnlazada,dequeue,general,1000,10000,10.0,16.0,55.0,3.4375
colas,ColaEnlazada,dequeue,general,10000,100000,10.0,55.0,100.0,1.8181818181818181
colas,ColaArreglo,enqueue,crecimiento_forzado,10,100,10.0,57.45,143.7,2.5013054830287205
colas,ColaArreglo,enqueue,crecimiento_forzado,100,1000,10.0,143.7,1954.75,13.602992345163536
colas,ColaArreglo,enqueue,crecimiento_forzado,1000,10000,10.0,1954.75,18380.0,9.402736922880164
colas,ColaArreglo,enqueue,crecimiento_forzado,10000,100000,10.0,18380.0,270700.0,14.72796517954298
colas,ColaArreglo,enqueue,secuencia_amortizada,10,100,10.0,55.0,36.0,0.6545454545454545
colas,ColaArreglo,enqueue,secuencia_amortizada,100,1000,10.0,36.0,36.55,1.0152777777777777
colas,ColaArreglo,enqueue,secuencia_amortizada,1000,10000,10.0,36.55,8.665,0.23707250341997263
colas,ColaArreglo,enqueue,secuencia_amortizada,10000,100000,10.0,8.665,5.7995,0.6693017888055396
colas,ColaEnlazada,enqueue,secuencia_amortizada,10,100,10.0,50.0,34.0,0.68
colas,ColaEnlazada,enqueue,secuencia_amortizada,100,1000,10.0,34.0,35.150000000000006,1.0338235294117648
colas,ColaEnlazada,enqueue,secuencia_amortizada,1000,10000,10.0,35.150000000000006,26.23,0.746230440967283
colas,ColaEnlazada,enqueue,secuencia_amortizada,10000,100000,10.0,26.23,3.7055,0.14126953869614944
colas,ColaArreglo,enqueue,sin_redimensionamiento,10,100,10.0,35.375,34.05,0.9625441696113073
colas,ColaArreglo,enqueue,sin_redimensionamiento,100,1000,10.0,34.05,21.75,0.6387665198237886
colas,ColaArreglo,enqueue,sin_redimensionamiento,1000,10000,10.0,21.75,65.0,2.9885057471264367
colas,ColaArreglo,enqueue,sin_redimensionamiento,10000,100000,10.0,65.0,66.667,1.0256461538461539
colas,ColaEnlazada,enqueue,sin_redimensionamiento,10,100,10.0,14.275,19.549999999999997,1.369527145359019
colas,ColaEnlazada,enqueue,sin_redimensionamiento,100,1000,10.0,19.549999999999997,42.25,2.161125319693095
colas,ColaEnlazada,enqueue,sin_redimensionamiento,1000,10000,10.0,42.25,67.5,1.5976331360946745
colas,ColaEnlazada,enqueue,sin_redimensionamiento,10000,100000,10.0,67.5,33.333,0.4938222222222222
colas,ColaArreglo,front,general,10,100,10.0,3.8520000000000003,0.784,0.20353063343717548
colas,ColaArreglo,front,general,100,1000,10.0,0.784,0.016,0.02040816326530612
colas,ColaArreglo,front,general,1000,10000,10.0,0.016,0.016,1.0
colas,ColaArreglo,front,general,10000,100000,10.0,0.016,0.016,1.0
colas,ColaEnlazada,front,general,10,100,10.0,0.016,0.014,0.875
colas,ColaEnlazada,front,general,100,1000,10.0,0.014,0.024,1.7142857142857142
colas,ColaEnlazada,front,general,1000,10000,10.0,0.024,0.02,0.8333333333333334
colas,ColaEnlazada,front,general,10000,100000,10.0,0.02,0.014,0.7
colas,ColaArreglo,isEmpty,no_vacia,10,100,10.0,2.051,0.405,0.19746465138956606
colas,ColaArreglo,isEmpty,no_vacia,100,1000,10.0,0.405,0.001,0.0024691358024691358
colas,ColaArreglo,isEmpty,no_vacia,1000,10000,10.0,0.001,0.0,0.0
colas,ColaArreglo,isEmpty,no_vacia,10000,100000,10.0,0.0,0.0,nan
colas,ColaEnlazada,isEmpty,no_vacia,10,100,10.0,0.0,0.0,nan
colas,ColaEnlazada,isEmpty,no_vacia,100,1000,10.0,0.0,0.0,nan
colas,ColaEnlazada,isEmpty,no_vacia,1000,10000,10.0,0.0,0.0,nan
colas,ColaEnlazada,isEmpty,no_vacia,10000,100000,10.0,0.0,0.0,nan
colas,ColaArreglo,size,no_vacia,10,100,10.0,1.185,0.609,0.5139240506329114
colas,ColaArreglo,size,no_vacia,100,1000,10.0,0.609,0.016,0.02627257799671593
colas,ColaArreglo,size,no_vacia,1000,10000,10.0,0.016,0.016,1.0
colas,ColaArreglo,size,no_vacia,10000,100000,10.0,0.016,0.014,0.875
colas,ColaEnlazada,size,no_vacia,10,100,10.0,0.014,0.014,1.0
colas,ColaEnlazada,size,no_vacia,100,1000,10.0,0.014,0.016,1.1428571428571428
colas,ColaEnlazada,size,no_vacia,1000,10000,10.0,0.016,0.016,1.0
colas,ColaEnlazada,size,no_vacia,10000,100000,10.0,0.016,0.015,0.9375
pilas,PilaArreglo,delete,ausente,10,100,10.0,33.15,34.625,1.0444947209653093
pilas,PilaArreglo,delete,ausente,100,1000,10.0,34.625,705.75,20.382671480144403
pilas,PilaArreglo,delete,ausente,1000,10000,10.0,705.75,5100.0,7.226354941551541
pilas,PilaArreglo,delete,ausente,10000,100000,10.0,5100.0,46333.333,9.08496725490196
pilas,PilaEnlazada,delete,ausente,10,100,10.0,12.8,384.82500000000005,30.064453125000004
pilas,PilaEnlazada,delete,ausente,100,1000,10.0,384.82500000000005,2400.5,6.237900344312349
pilas,PilaEnlazada,delete,ausente,1000,10000,10.0,2400.5,18347.5,7.643199333472193
pilas,PilaEnlazada,delete,ausente,10000,100000,10.0,18347.5,162233.3335,8.842258264068674
pilas,PilaArreglo,delete,base,10,100,10.0,16.875,107.2,6.352592592592592
pilas,PilaArreglo,delete,base,100,1000,10.0,107.2,1162.25,10.841884328358208
pilas,PilaArreglo,delete,base,1000,10000,10.0,1162.25,10002.5,8.606151860615187
pilas,PilaArreglo,delete,base,10000,100000,10.0,10002.5,114300.0,11.427143214196452
pilas,PilaEnlazada,delete,base,10,100,10.0,17.625,445.54999999999995,25.279432624113472
pilas,PilaEnlazada,delete,base,100,1000,10.0,445.54999999999995,3689.5,8.280776568286388
pilas,PilaEnlazada,delete,base,1000,10000,10.0,3689.5,29420.0,7.973980214121155
pilas,PilaEnlazada,delete,base,10000,100000,10.0,29420.0,281366.6665,9.563788800135962
pilas,PilaArreglo,delete,cima,10,100,10.0,32.4,3.15,0.09722222222222222
pilas,PilaArreglo,delete,cima,100,1000,10.0,3.15,6.0,1.9047619047619049
pilas,PilaArreglo,delete,cima,1000,10000,10.0,6.0,45.0,7.5
pilas,PilaArreglo,delete,cima,10000,100000,10.0,45.0,33.333,0.7407333333333332
pilas,PilaEnlazada,delete,cima,10,100,10.0,76.375,7.275,0.09525368248772505
pilas,PilaEnlazada,delete,cima,100,1000,10.0,7.275,40.5,5.56701030927835
pilas,PilaEnlazada,delete,cima,1000,10000,10.0,40.5,75.0,1.8518518518518519
pilas,PilaEnlazada,delete,cima,10000,100000,10.0,75.0,83.3335,1.1111133333333334
pilas,PilaArreglo,delete,medio,10,100,10.0,32.0,58.475,1.82734375
pilas,PilaArreglo,delete,medio,100,1000,10.0,58.475,671.0,11.474989311671655
pilas,PilaArreglo,delete,medio,1000,10000,10.0,671.0,7755.0,11.557377049180328
pilas,PilaArreglo,delete,medio,10000,100000,10.0,7755.0,58150.0,7.4983881366860095
pilas,PilaEnlazada,delete,medio,10,100,10.0,69.575,285.79999999999995,4.107797340998921
pilas,PilaEnlazada,delete,medio,100,1000,10.0,285.79999999999995,3127.5,10.942967109867041
pilas,PilaEnlazada,delete,medio,1000,10000,10.0,3127.5,14525.0,4.644284572342126
pilas,PilaEnlazada,delete,medio,10000,100000,10.0,14525.0,128766.66649999999,8.865174974182443
pilas,PilaArreglo,isEmpty,no_vacia,10,100,10.0,2.471,0.878,0.3553217320922703
pilas,PilaArreglo,isEmpty,no_vacia,100,1000,10.0,0.878,0.462,0.5261958997722096
pilas,PilaArreglo,isEmpty,no_vacia,1000,10000,10.0,0.462,0.0,0.0
pilas,PilaArreglo,isEmpty,no_vacia,10000,100000,10.0,0.0,0.0,nan
pilas,PilaEnlazada,isEmpty,no_vacia,10,100,10.0,2.766,0.0,0.0
pilas,PilaEnlazada,isEmpty,no_vacia,100,1000,10.0,0.0,0.0,nan
pilas,PilaEnlazada,isEmpty,no_vacia,1000,10000,10.0,0.0,0.0,nan
pilas,PilaEnlazada,isEmpty,no_vacia,10000,100000,10.0,0.0,0.0,nan
pilas,PilaArreglo,peek,general,10,100,10.0,3.6550000000000002,0.016,0.004377564979480164
pilas,PilaArreglo,peek,general,100,1000,10.0,0.016,0.014,0.875
pilas,PilaArreglo,peek,general,1000,10000,10.0,0.014,0.016,1.1428571428571428
pilas,PilaArreglo,peek,general,10000,100000,10.0,0.016,0.015,0.9375
pilas,PilaEnlazada,peek,general,10,100,10.0,6.768,0.71,0.10490543735224586
pilas,PilaEnlazada,peek,general,100,1000,10.0,0.71,0.014,0.01971830985915493
pilas,PilaEnlazada,peek,general,1000,10000,10.0,0.014,0.016,1.1428571428571428
pilas,PilaEnlazada,peek,general,10000,100000,10.0,0.016,0.014,0.875
pilas,PilaArreglo,pop,general,10,100,10.0,39.974999999999994,11.65,0.2914321450906817
pilas,PilaArreglo,pop,general,100,1000,10.0,11.65,7.75,0.6652360515021459
pilas,PilaArreglo,pop,general,1000,10000,10.0,7.75,80.0,10.32258064516129
pilas,PilaArreglo,pop,general,10000,100000,10.0,80.0,50.0,0.625
pilas,PilaEnlazada,pop,general,10,100,10.0,154.1,11.899999999999999,0.0772225827384815
pilas,PilaEnlazada,pop,general,100,1000,10.0,11.899999999999999,45.75,3.844537815126051
pilas,PilaEnlazada,pop,general,1000,10000,10.0,45.75,42.5,0.9289617486338798
pilas,PilaEnlazada,pop,general,10000,100000,10.0,42.5,83.3335,1.9607882352941177
pilas,PilaArreglo,push,crecimiento_forzado,10,100,10.0,47.225,97.025,2.054526204340921
pilas,PilaArreglo,push,crecimiento_forzado,100,1000,10.0,97.025,1046.0,10.780726616851327
pilas,PilaArreglo,push,crecimiento_forzado,1000,10000,10.0,1046.0,13800.0,13.193116634799235
pilas,PilaArreglo,push,crecimiento_forzado,10000,100000,10.0,13800.0,116483.33350000001,8.440821268115943
pilas,PilaArreglo,push,secuencia_amortizada,10,100,10.0,50.0,37.0,0.74
pilas,PilaArreglo,push,secuencia_amortizada,100,1000,10.0,37.0,34.849999999999994,0.9418918918918917
pilas,PilaArreglo,push,secuencia_amortizada,1000,10000,10.0,34.849999999999994,7.34,0.2106169296987088
pilas,PilaArreglo,push,secuencia_amortizada,10000,100000,10.0,7.34,4.702500000000001,0.6406675749318802
pilas,PilaEnlazada,push,secuencia_amortizada,10,100,10.0,60.0,39.0,0.65
pilas,PilaEnlazada,push,secuencia_amortizada,100,1000,10.0,39.0,36.400000000000006,0.9333333333333335
pilas,PilaEnlazada,push,secuencia_amortizada,1000,10000,10.0,36.400000000000006,6.525,0.17925824175824173
pilas,PilaEnlazada,push,secuencia_amortizada,10000,100000,10.0,6.525,3.7015000000000002,0.56727969348659
pilas,PilaArreglo,push,sin_redimensionamiento,10,100,10.0,7.625,5.825,0.7639344262295082
pilas,PilaArreglo,push,sin_redimensionamiento,100,1000,10.0,5.825,21.25,3.648068669527897
pilas,PilaArreglo,push,sin_redimensionamiento,1000,10000,10.0,21.25,37.5,1.7647058823529411
pilas,PilaArreglo,push,sin_redimensionamiento,10000,100000,10.0,37.5,33.333,0.88888
pilas,PilaEnlazada,push,sin_redimensionamiento,10,100,10.0,49.675,25.674999999999997,0.5168595873175641
pilas,PilaEnlazada,push,sin_redimensionamiento,100,1000,10.0,25.674999999999997,32.25,1.2560856864654335
pilas,PilaEnlazada,push,sin_redimensionamiento,1000,10000,10.0,32.25,30.0,0.9302325581395349
pilas,PilaEnlazada,push,sin_redimensionamiento,10000,100000,10.0,30.0,33.333,1.1111
pilas,PilaArreglo,size,no_vacia,10,100,10.0,0.016,0.014,0.875
pilas,PilaArreglo,size,no_vacia,100,1000,10.0,0.014,0.016,1.1428571428571428
pilas,PilaArreglo,size,no_vacia,1000,10000,10.0,0.016,0.014,0.875
pilas,PilaArreglo,size,no_vacia,10000,100000,10.0,0.014,0.016,1.1428571428571428
pilas,PilaEnlazada,size,no_vacia,10,100,10.0,4.23,0.612,0.14468085106382977
pilas,PilaEnlazada,size,no_vacia,100,1000,10.0,0.612,0.014,0.022875816993464054
pilas,PilaEnlazada,size,no_vacia,1000,10000,10.0,0.014,0.015,1.0714285714285714
pilas,PilaEnlazada,size,no_vacia,10000,100000,10.0,0.015,0.015,1.0
